Kudos Date,Kudos Type,Parent ID
"Jul 19, 2020, 5:20:49 AM",Activity,3783319924
"Jul 19, 2020, 5:21:25 AM",Activity,3653405256
"Jul 19, 2020, 8:06:14 PM",Activity,3787033451
"Jul 19, 2020, 8:08:52 PM",Activity,3787033278
"Jul 19, 2020, 8:08:57 PM",Activity,3787033238
"Jul 19, 2020, 8:09:00 PM",Activity,3787033235
"Jul 20, 2020, 5:28:41 AM",Activity,3788729176
"Jul 22, 2020, 12:12:57 AM",Activity,3797444632
"Jul 22, 2020, 12:13:01 AM",Activity,3797632376
"Jul 22, 2020, 12:13:30 AM",Activity,3790547151
"Jul 22, 2020, 12:13:38 AM",Activity,3782693425
"Jul 22, 2020, 5:17:28 AM",Activity,3798757852
"Jul 22, 2020, 7:00:20 PM",Activity,3619531668
"Jul 23, 2020, 3:24:12 AM",Activity,3787033195
"Jul 24, 2020, 12:21:19 AM",Activity,3806470901
"Jul 24, 2020, 12:21:45 AM",Activity,3805929519
"Jul 25, 2020, 4:06:07 PM",Activity,3809822958
"Jul 26, 2020, 4:07:02 AM",Activity,3809701391
"Jul 26, 2020, 4:07:10 AM",Activity,3809588266
"Jul 26, 2020, 4:07:12 AM",Activity,3807982050
"Jul 27, 2020, 1:11:56 AM",Activity,3816639163
"Jul 27, 2020, 1:12:02 AM",Activity,3816637835
"Jul 27, 2020, 1:15:50 AM",Activity,3817004102
"Jul 29, 2020, 12:09:08 AM",Activity,3829772593
"Jul 29, 2020, 12:09:09 AM",Activity,3830132760
"Jul 29, 2020, 12:37:05 AM",Activity,3829370211
"Jul 29, 2020, 9:28:50 PM",Activity,3832576951
"Jul 30, 2020, 12:28:38 AM",Activity,3835525719
"Jul 30, 2020, 2:47:57 AM",Activity,3836090007
"Jul 30, 2020, 1:24:50 PM",Activity,3838157986
"Jul 31, 2020, 1:19:26 AM",Activity,3841147690
"Jul 31, 2020, 2:46:32 AM",Activity,3841163383
"Jul 31, 2020, 2:46:42 AM",Activity,3841344567
"Jul 31, 2020, 1:04:10 PM",Activity,3842799783
"Aug 3, 2020, 12:16:04 AM",Activity,3853897809
"Aug 3, 2020, 12:16:24 AM",Activity,3856076422
"Aug 3, 2020, 12:16:29 AM",Activity,3850713487
"Aug 3, 2020, 3:52:42 AM",Activity,3856333986
"Aug 5, 2020, 1:55:01 AM",Activity,3865794210
"Aug 6, 2020, 3:20:32 AM",Activity,3870807318
"Aug 6, 2020, 3:20:39 AM",Activity,3868329816
"Aug 6, 2020, 3:20:44 AM",Activity,3866086181
"Aug 7, 2020, 1:10:49 PM",Activity,3870432407
"Aug 7, 2020, 1:11:07 PM",Activity,3870402722
"Aug 7, 2020, 7:31:27 PM",Activity,3878312077
"Aug 9, 2020, 12:35:42 AM",Activity,3885073385
"Aug 9, 2020, 1:40:31 AM",Activity,3885327527
"Aug 9, 2020, 1:40:40 AM",Activity,3880643853
"Aug 11, 2020, 2:31:04 AM",Activity,3894734361
"Aug 11, 2020, 2:31:07 AM",Activity,3892710604
"Aug 11, 2020, 3:26:58 AM",Activity,3895315788
"Aug 12, 2020, 2:06:03 PM",Activity,3899295786
"Aug 12, 2020, 2:11:42 PM",Activity,3876127032
"Aug 12, 2020, 9:36:58 PM",Activity,3903998549
"Aug 13, 2020, 1:06:48 AM",Activity,3904839261
"Aug 13, 2020, 1:06:51 AM",Activity,3904640947
"Aug 13, 2020, 3:53:04 AM",Activity,3905284380
"Aug 13, 2020, 10:39:28 PM",Activity,3908097750
"Aug 14, 2020, 8:02:45 AM",Activity,3909633010
"Aug 16, 2020, 10:39:42 PM",Activity,3911203287
"Aug 16, 2020, 10:44:04 PM",Activity,3912078708
"Aug 17, 2020, 2:29:36 AM",Activity,3924305913
"Aug 17, 2020, 2:44:44 AM",Activity,3924317251
"Aug 18, 2020, 7:57:39 PM",Activity,3932699067
"Aug 19, 2020, 9:32:38 PM",Activity,3937528898
"Aug 19, 2020, 9:32:47 PM",Activity,3937820381
"Aug 19, 2020, 9:32:53 PM",Activity,3932986198
"Aug 19, 2020, 9:32:57 PM",Activity,3933491463
"Aug 20, 2020, 1:29:02 AM",Activity,3938191156
"Aug 21, 2020, 5:12:52 AM",Activity,3942351243
"Aug 22, 2020, 1:06:29 PM",Activity,3948137198
"Aug 22, 2020, 1:06:37 PM",Activity,3947610520
"Aug 22, 2020, 1:06:49 PM",Activity,3947040268
"Aug 22, 2020, 1:07:15 PM",Activity,3947029658
"Aug 22, 2020, 1:07:19 PM",Activity,3945672612
"Aug 23, 2020, 4:28:10 PM",Activity,3952335482
"Aug 23, 2020, 4:28:28 PM",Activity,3954176122
"Aug 25, 2020, 4:25:00 AM",Activity,3959034179
"Aug 25, 2020, 4:25:09 AM",Activity,3961549051
"Aug 26, 2020, 7:51:59 PM",Activity,3970079358
"Aug 26, 2020, 9:04:48 PM",Activity,3970334375
"Aug 26, 2020, 9:05:12 PM",Activity,3965805551
"Aug 27, 2020, 12:46:51 PM",Activity,3971336809
"Aug 29, 2020, 4:47:08 AM",Activity,3979902842
"Aug 29, 2020, 4:47:18 AM",Activity,3979462425
"Aug 29, 2020, 4:47:30 AM",Activity,3978643059
"Aug 29, 2020, 4:47:33 AM",Activity,3979244771
"Aug 29, 2020, 4:47:39 AM",Activity,3979593549
"Aug 29, 2020, 2:47:46 PM",Activity,3981812577
"Aug 30, 2020, 12:56:04 PM",Activity,3985739111
"Aug 31, 2020, 11:48:56 PM",Activity,3993335248
"Aug 31, 2020, 11:49:07 PM",Activity,3992183840
"Sep 1, 2020, 5:54:07 AM",Activity,3993636284
"Sep 2, 2020, 1:39:24 AM",Activity,3998142205
"Sep 4, 2020, 1:30:58 PM",Activity,4002937541
"Sep 4, 2020, 1:31:02 PM",Activity,4008544128
"Sep 4, 2020, 1:31:08 PM",Activity,4003805989
"Sep 5, 2020, 3:22:46 AM",Activity,4012807471
"Sep 5, 2020, 9:46:04 AM",Activity,4012852680
"Sep 5, 2020, 9:46:10 AM",Activity,4010720722
"Sep 5, 2020, 7:28:19 PM",Activity,4016722764
"Sep 6, 2020, 5:06:42 AM",Activity,4018146508
"Sep 8, 2020, 10:52:49 PM",Activity,4030682159
"Sep 11, 2020, 9:27:22 PM",Activity,4042137182
"Sep 12, 2020, 4:50:45 AM",Activity,4046353752
"Sep 13, 2020, 3:47:55 AM",Activity,4051416845
"Sep 14, 2020, 3:44:57 AM",Activity,4056792346
"Sep 14, 2020, 3:27:35 PM",Activity,4056489368
"Sep 16, 2020, 11:31:16 PM",Activity,4035301131
"Sep 18, 2020, 3:52:23 AM",Activity,4075175028
"Sep 18, 2020, 3:52:38 AM",Activity,4069468140
"Sep 18, 2020, 3:52:47 AM",Activity,4073302303
"Sep 18, 2020, 6:25:25 PM",Activity,4078309605
"Sep 19, 2020, 8:13:48 PM",Activity,4083157278
"Sep 19, 2020, 11:50:51 PM",Activity,4083371386
"Sep 21, 2020, 1:02:42 PM",Activity,4090375746
"Sep 21, 2020, 1:04:14 PM",Activity,4090635508
"Sep 21, 2020, 1:04:17 PM",Activity,4090470527
"Sep 21, 2020, 6:43:16 PM",Activity,4092692953
"Sep 22, 2020, 6:33:13 PM",Activity,4094953240
"Sep 23, 2020, 11:04:18 PM",Activity,4099299307
"Sep 24, 2020, 2:58:24 AM",Activity,4102120827
"Sep 24, 2020, 6:05:54 PM",Activity,4106448884
"Sep 28, 2020, 1:29:49 PM",Activity,4123235251
"Sep 29, 2020, 3:45:03 AM",Activity,4126270048
"Sep 30, 2020, 5:30:46 AM",Activity,4130574026
"Sep 30, 2020, 5:33:26 AM",Activity,4130360614
"Sep 30, 2020, 3:11:43 PM",Activity,4132990466
"Oct 2, 2020, 2:56:30 PM",Activity,4139438908
"Oct 2, 2020, 2:56:34 PM",Activity,4139928576
"Oct 2, 2020, 2:56:39 PM",Activity,4139928365
"Oct 3, 2020, 7:22:02 PM",Activity,4146148470
"Oct 5, 2020, 12:47:06 AM",Activity,4150850128
"Oct 5, 2020, 5:29:45 PM",Activity,4152956082
"Oct 7, 2020, 2:01:00 AM",Activity,4161023725
"Oct 7, 2020, 2:02:23 AM",Activity,4160540407
"Oct 9, 2020, 4:05:16 PM",Activity,4172201630
"Oct 10, 2020, 2:13:04 PM",Activity,4174784510
"Oct 10, 2020, 2:13:10 PM",Activity,4176254177
"Oct 10, 2020, 5:18:44 PM",Activity,4177189770
"Oct 10, 2020, 5:18:54 PM",Activity,4176657485
"Oct 12, 2020, 12:11:59 AM",Activity,4183233196
"Oct 12, 2020, 4:26:52 PM",Activity,4184730802
"Oct 12, 2020, 4:31:58 PM",Activity,4185194132
"Oct 13, 2020, 3:13:53 PM",Activity,4189621362
"Oct 13, 2020, 3:13:59 PM",Activity,4187877078
"Oct 15, 2020, 5:56:54 AM",Activity,4196072571
"Oct 15, 2020, 5:57:04 AM",Activity,4195814944
"Oct 15, 2020, 5:57:15 AM",Activity,4195217112
"Oct 16, 2020, 11:30:41 PM",Activity,4179606987
"Oct 17, 2020, 4:33:09 AM",Activity,4204527117
"Oct 17, 2020, 4:33:20 AM",Activity,4164030701
"Oct 17, 2020, 4:33:22 AM",Activity,4204386822
"Oct 17, 2020, 10:52:33 PM",Activity,4208605325
"Oct 17, 2020, 10:52:56 PM",Activity,4204662433
"Oct 18, 2020, 2:06:52 AM",Activity,4175368830
"Oct 20, 2020, 10:56:10 AM",Activity,4216753150
"Oct 23, 2020, 11:00:31 PM",Activity,4234250155
"Oct 23, 2020, 11:00:46 PM",Activity,4228862798
"Oct 23, 2020, 11:00:55 PM",Activity,4225605130
"Oct 23, 2020, 11:00:57 PM",Activity,4221832295
"Oct 25, 2020, 3:41:24 PM",Activity,4239534403
"Oct 31, 2020, 1:22:23 AM",Activity,4223120792
"Oct 31, 2020, 1:22:31 AM",Activity,4264327616
"Nov 1, 2020, 4:41:08 PM",Activity,4270792426
"Nov 1, 2020, 4:41:12 PM",Activity,4270790478
"Nov 5, 2020, 10:26:22 PM",Activity,4286083099
"Nov 5, 2020, 10:26:32 PM",Activity,4291820723
"Nov 5, 2020, 10:26:35 PM",Activity,4290046045
"Nov 5, 2020, 10:26:38 PM",Activity,4279991269
"Nov 5, 2020, 10:26:40 PM",Activity,4274314919
"Nov 9, 2020, 5:43:05 PM",Activity,4313558971
"Nov 10, 2020, 12:58:14 AM",Activity,4215733065
"Nov 10, 2020, 1:59:14 AM",Activity,4314466684
"Nov 11, 2020, 4:41:52 PM",Activity,4322177027
"Nov 11, 2020, 4:41:56 PM",Activity,4319508150
"Nov 14, 2020, 1:32:19 AM",Activity,4329879775
"Nov 14, 2020, 1:32:22 AM",Activity,4333582202
"Nov 16, 2020, 4:28:53 AM",Activity,4343563566
"Nov 16, 2020, 4:29:23 AM",Activity,4343563217
"Nov 21, 2020, 8:51:36 PM",Activity,4367153305
"Nov 24, 2020, 7:29:49 PM",Activity,4374751706
"Nov 29, 2020, 5:58:59 AM",Activity,4403263619
"Nov 29, 2020, 6:00:29 AM",Activity,4400392840
"Dec 1, 2020, 2:23:33 AM",Activity,4410074549
"Dec 5, 2020, 5:42:12 AM",Activity,4430597060
"Dec 8, 2020, 5:17:11 AM",Activity,4431254040
"Dec 8, 2020, 6:05:34 PM",Activity,4445128533
"Dec 14, 2020, 4:50:36 AM",Activity,4460901627
"Dec 22, 2020, 12:07:08 AM",Activity,4494072222
"Dec 22, 2020, 12:07:26 AM",Activity,4493729383
"Dec 22, 2020, 12:07:32 AM",Activity,4477800108
"Dec 31, 2020, 10:25:13 PM",Activity,4536953899
"Dec 31, 2020, 10:25:18 PM",Activity,4541789222
